302;https://www.google.com/intl/ar_ae/admob/resources.html
200;https://www.google.com/intl/es_es/admob/announcements.html
302;https://www.google.com/intl/zh-CN_cn/admob/monetize.html
302;https://www.google.com/intl/de_de/admob/monetize.html
200;https://www.google.com/intl/pt_BR/admob/resources.html
404;https://www.google.com/intl/pt_BR/admob/businesskit/growth/
404;https://www.google.com/intl/zh-CN_cn/admob/businesskit/growth/
302;https://www.google.com/intl/ar_ae/admob/
302;https://www.google.com/intl/es_es/admob/monetize.html
302;https://www.google.com/intl/es_es/admob/app-insights.html
200;https://www.google.com/intl/pt_BR/admob/success.html
302;https://www.google.com/intl/ar_ae/admob/success.html
404;https://www.google.com/intl/pt_BR/admob/businesskit/introduction/
404;https://www.google.com/intl/zh-CN_cn/admob/businesskit/introduction/
302;https://www.google.com/intl/zh-CN_cn/admob/platform.html
302;https://www.google.com/intl/ar_ae/admob/analyze.html
302;https://www.google.com/intl/de_de/admob/platform.html
302;https://www.google.com/intl/es_es/admob/platform.html
200;https://www.google.com/intl/de_de/admob/announcements.html
404;https://www.google.com/intl/pt_BR/admob/
404;https://www.google.com/intl/zh-CN_cn/admob/businesskit/takeaways/
302;https://www.google.com/intl/zh-CN_cn/admob/promote.html
404;https://www.google.com/intl/pt_BR/admob/businesskit/takeaways/
200;https://www.google.com/intl/ar_ae/admob/announcements.html
302;https://www.google.com/intl/de_de/admob/promote.html
302;https://www.google.com/intl/es_es/admob/promote.html
404;https://www.google.com/intl/pt_BR/admob/analyze.html
404;https://www.google.com/intl/zh-CN_cn/admob/businesskit/thinking-big/
404;https://www.google.com/intl/pt_BR/admob/businesskit/thinking-big/
302;https://www.google.com/intl/de_de/admob/app-insights.html
302;https://www.google.com/intl/de_de/admob/resources.html
302;https://www.google.com/intl/es_es/admob/resources.html
302;https://www.google.com/intl/ar_ae/admob/app-insights.html
404;https://www.google.com/intl/pt_BR/admob/monetize.html
200;https://www.google.com/intl/pt_BR/admob/announcements.html
404;https://www.google.com/intl/zh-CN_cn/admob/landing/sign-up-001.html
302;https://www.google.com/intl/es_es/admob/success.html
404;https://www.google.com/intl/de_de/admob/businesskit/from-an-idea-to-an-app/
302;https://www.google.com/intl/zh-CN_cn/admob/resources.html
302;https://www.google.com/intl/de_de/admob/success.html
302;https://www.google.com/intl/ar_ae/admob/monetize.html
404;https://www.google.com/intl/pt_BR/admob/platform.html
200;https://www.google.com/intl/pt_BR/admob/app-insights.html
404;https://www.google.com/intl/zh-CN_cn/admob/landing/sign-up-002.html
302;https://www.google.com/intl/fr_fr/admob/
404;https://www.google.com/intl/de_de/admob/businesskit/growth/
302;https://www.google.com/intl/ar_ae/admob/platform.html
302;https://www.google.com/intl/es_es/admob/
302;https://www.google.com/intl/zh-CN_cn/admob/success.html
404;https://www.google.com/intl/pt_BR/admob/promote.html
404;https://www.google.com/intl/pt_BR/admob/businesskit/from-an-idea-to-an-app/
404;https://www.google.com/intl/zh-CN_cn/admob/landing/sign-up-003.html
302;https://www.google.com/intl/fr_fr/admob/analyze.html
302;https://www.google.com/intl/es_es/admob/analyze.html
404;https://www.google.com/intl/de_de/admob/businesskit/introduction/
200;https://www.google.com/intl/fr_fr/admob/announcements.html
302;https://www.google.com/intl/de_de/admob/
302;https://www.google.com/intl/fr_fr/admob/monetize.html
302;https://www.google.com/intl/id_id/admob/promote.html
404;https://www.google.com/intl/it_it/admob/businesskit/from-an-idea-to-an-app/
302;https://www.google.com/intl/de_de/admob/analyze.html
302;https://www.google.com/intl/fr_fr/admob/app-insights.html
302;https://www.google.com/intl/fr_fr/admob/platform.html
302;https://www.google.com/intl/id_id/admob/resources.html
302;https://www.google.com/intl/ar_ae/admob/promote.html
404;https://www.google.com/intl/it_it/admob/businesskit/growth/
404;https://www.google.com/intl/fr_fr/admob/businesskit/from-an-idea-to-an-app/
200;https://www.google.com/intl/id_id/admob/announcements.html
302;https://www.google.com/intl/it_it/admob/promote.html
302;https://www.google.com/intl/id_id/admob/success.html
404;https://www.google.com/intl/de_de/admob/businesskit/takeaways/
302;https://www.google.com/intl/fr_fr/admob/promote.html
404;https://www.google.com/intl/it_it/admob/businesskit/introduction/
404;https://www.google.com/intl/fr_fr/admob/businesskit/growth/
302;https://www.google.com/intl/it_it/admob/resources.html
302;https://www.google.com/intl/id_id/admob/app-insights.html
302;https://www.google.com/intl/it_it/admob/
404;https://www.google.com/intl/de_de/admob/businesskit/thinking-big/
302;https://www.google.com/intl/fr_fr/admob/resources.html
404;https://www.google.com/intl/it_it/admob/businesskit/takeaways/
404;https://www.google.com/intl/fr_fr/admob/businesskit/introduction/
302;https://www.google.com/intl/id_id/admob/landing/sign-up-001.html
302;https://www.google.com/intl/it_it/admob/success.html
404;https://www.google.com/intl/ja_jp/admob/businesskit/from-an-idea-to-an-app/
302;https://www.google.com/intl/ja_jp/admob/landing/sign-up-003.html
302;https://www.google.com/intl/it_it/admob/analyze.html
302;https://www.google.com/intl/fr_fr/admob/success.html
404;https://www.google.com/intl/it_it/admob/businesskit/thinking-big/
404;https://www.google.com/intl/fr_fr/admob/businesskit/takeaways/
404;https://www.google.com/intl/ja_jp/admob/businesskit/growth/
302;https://www.google.com/intl/ja_jp/admob/
302;https://www.google.com/intl/id_id/admob/landing/sign-up-002.html
302;https://www.google.com/intl/ja_jp/admob/monetize.html
302;https://www.google.com/intl/id_id/admob/
200;https://www.google.com/intl/it_it/admob/announcements.html
302;https://www.google.com/intl/it_it/admob/monetize.html
404;https://www.google.com/intl/fr_fr/admob/businesskit/thinking-big/
302;https://www.google.com/intl/id_id/admob/landing/sign-up-003.html
302;https://www.google.com/intl/ja_jp/admob/analyze.html
404;https://www.google.com/intl/ja_jp/admob/businesskit/introduction/
302;https://www.google.com/intl/ja_jp/admob/platform.html
302;https://www.google.com/intl/id_id/admob/analyze.html
302;https://www.google.com/intl/it_it/admob/app-insights.html
302;https://www.google.com/intl/it_it/admob/platform.html
200;https://www.google.com/intl/ja_jp/admob/announcements.html
302;https://www.google.com/intl/ja_jp/admob/promote.html
404;https://www.google.com/intl/ja_jp/admob/businesskit/takeaways/
302;https://www.google.com/intl/id_id/admob/monetize.html
404;https://www.google.com/intl/ko_kr/admob/businesskit/thinking-big/
302;https://www.google.com/intl/pl_pl/admob/analyze.html
302;https://www.google.com/intl/pl_pl/admob/success.html
302;https://www.google.com/intl/ja_jp/admob/app-insights.html
404;https://www.google.com/intl/ja_jp/admob/businesskit/thinking-big/
302;https://www.google.com/intl/ja_jp/admob/resources.html
302;https://www.google.com/intl/id_id/admob/platform.html
200;https://www.google.com/intl/pl_pl/admob/announcements.html
302;https://www.google.com/intl/ko_kr/admob/monetize.html
302;https://www.google.com/intl/ko_kr/admob/analyze.html
404;https://www.google.com/intl/ru/admob/promote.html
404;https://www.google.com/intl/ru/admob/
302;https://www.google.com/intl/ja_jp/admob/landing/sign-up-001.html
302;https://www.google.com/intl/ja_jp/admob/success.html
302;https://www.google.com/intl/th_th/admob/landing/sign-up-001.html
302;https://www.google.com/intl/pl_pl/admob/app-insights.html
302;https://www.google.com/intl/ko_kr/admob/platform.html
200;https://www.google.com/intl/ko_kr/admob/announcements.html
200;https://www.google.com/intl/ru/admob/resources.html
404;https://www.google.com/intl/ru/admob/analyze.html
302;https://www.google.com/intl/ja_jp/admob/landing/sign-up-002.html
302;https://www.google.com/intl/ko_kr/admob/
302;https://www.google.com/intl/th_th/admob/landing/sign-up-002.html
302;https://www.google.com/intl/pl_pl/admob/monetize.html
302;https://www.google.com/intl/ko_kr/admob/promote.html
404;https://www.google.com/intl/ru/admob/success.html
302;https://www.google.com/intl/ko_kr/admob/app-insights.html
200;https://www.google.com/intl/ru/admob/announcements.html
302;https://www.google.com/intl/th_th/admob/success.html
302;https://www.google.com/intl/tr_tr/admob/promote.html
302;https://www.google.com/intl/th_th/admob/landing/sign-up-003.html
302;https://www.google.com/intl/pl_pl/admob/platform.html
302;https://www.google.com/intl/ko_kr/admob/resources.html
404;https://www.google.com/intl/ko_kr/admob/businesskit/from-an-idea-to-an-app/
302;https://www.google.com/intl/th_th/admob/
200;https://www.google.com/intl/ru/admob/app-insights.html
302;https://www.google.com/intl/tr_tr/admob/
302;https://www.google.com/intl/tr_tr/admob/resources.html
302;https://www.google.com/intl/pl_pl/admob/promote.html
302;https://www.google.com/intl/th_th/admob/monetize.html
302;https://www.google.com/intl/ko_kr/admob/success.html
302;https://www.google.com/intl/th_th/admob/analyze.html
404;https://www.google.com/intl/ru/admob/monetize.html
404;https://www.google.com/intl/ko_kr/admob/businesskit/growth/
302;https://www.google.com/intl/tr_tr/admob/analyze.html
302;https://www.google.com/intl/pl_pl/admob/resources.html
302;https://www.google.com/intl/th_th/admob/platform.html
302;https://www.google.com/intl/pl_pl/admob/
200;https://www.google.com/intl/th_th/admob/announcements.html
404;https://www.google.com/intl/ru/admob/platform.html
404;https://www.google.com/intl/ko_kr/admob/businesskit/introduction/
200;https://www.google.com/intl/tr_tr/admob/announcements.html
302;https://www.google.com/intl/tr_tr/admob/success.html
404;https://www.google.com/intl/zh_TW/admob/businesskit/from-an-idea-to-an-app/
302;https://www.google.com/intl/th_th/admob/promote.html
404;https://www.google.com/intl/zh_TW/admob/landing/sign-up-003.html
302;https://www.google.com/intl/th_th/admob/app-insights.html
302;https://www.google.com/intl/tr_tr/admob/app-insights.html
302;https://www.google.com/intl/en_uk/admob/analyze.html
404;https://www.google.com/intl/zh_TW/admob/
404;https://www.google.com/intl/zh_TW/admob/businesskit/growth/
302;https://www.google.com/intl/th_th/admob/resources.html
404;https://www.google.com/intl/zh_TW/admob/monetize.html
302;https://www.google.com/intl/tr_tr/admob/monetize.html
404;https://www.google.com/intl/en_uk/admob/businesskit/thinking-big/
200;https://www.google.com/intl/en_uk/admob/announcements.html
302;https://www.google.com/intl/vi_vn/admob/analyze.html
404;https://www.google.com/intl/zh_TW/admob/businesskit/introduction/
404;https://www.google.com/intl/zh_TW/admob/platform.html
302;https://www.google.com/intl/en_uk/admob/monetize.html
404;https://www.google.com/intl/ko_kr/admob/businesskit/takeaways/
302;https://www.google.com/intl/en_uk/admob/app-insights.html
302;https://www.google.com/intl/tr_tr/admob/platform.html
404;https://www.google.com/intl/zh_TW/admob/businesskit/takeaways/
200;https://www.google.com/intl/vi_vn/admob/announcements.html
404;https://www.google.com/intl/zh_TW/admob/promote.html
302;https://www.google.com/intl/en_uk/admob/platform.html
302;https://www.google.com/intl/vi_vn/admob/platform.html
404;https://www.google.com/intl/en_uk/admob/businesskit/from-an-idea-to-an-app/
302;https://www.google.com/admob/app-insights.html
404;https://www.google.com/intl/zh_TW/admob/businesskit/thinking-big/
200;https://www.google.com/intl/zh_TW/admob/resources.html
302;https://www.google.com/intl/vi_vn/admob/app-insights.html
302;https://www.google.com/intl/en_uk/admob/promote.html
302;https://www.google.com/intl/vi_vn/admob/promote.html
404;https://www.google.com/intl/en_uk/admob/businesskit/growth/
302;https://www.google.com/admob/businesskit/from-an-idea-to-an-app/
404;https://www.google.com/intl/zh_TW/admob/landing/sign-up-001.html
302;https://www.google.com/intl/vi_vn/admob/landing/sign-up-001.html
302;https://www.google.com/intl/vi_vn/admob/resources.html
200;https://www.google.com/intl/zh_TW/admob/success.html
302;https://www.google.com/intl/en_uk/admob/resources.html
404;https://www.google.com/intl/en_uk/admob/businesskit/introduction/
302;https://www.google.com/admob/businesskit/growth/
404;https://www.google.com/intl/zh_TW/admob/landing/sign-up-002.html
302;https://www.google.com/intl/vi_vn/admob/landing/sign-up-002.html
302;https://www.google.com/intl/vi_vn/admob/success.html
302;https://www.google.com/intl/en_uk/admob/success.html
302;https://www.google.com/intl/en_uk/admob/
404;https://www.google.com/intl/en_uk/admob/businesskit/takeaways/
302;https://www.google.com/admob/businesskit/introduction/
301;https://www.google.com/admob/landing/sign-up-001.html
302;https://www.google.com/intl/vi_vn/admob/landing/sign-up-003.html
301;https://www.google.com/admob/
301;https://www.google.com/admob/promote.html
302;https://www.google.com/intl/vi_vn/admob/
302;https://www.google.com/admob/resources/best-practices-for-in-app-rewarded-video-ads.html
302;https://www.google.com/intl/zh-CN_cn/admob/
404;https://www.google.com/intl/es_es/admob/businesskit/from-an-idea-to-an-app/
302;https://www.google.com/admob/businesskit/takeaways/
301;https://www.google.com/admob/landing/sign-up-002.html
302;https://www.google.com/intl/vi_vn/admob/monetize.html
301;https://www.google.com/admob/analyze.html
200;https://www.google.com/admob/resources.html
200;https://www.google.com/admob/resources/best-practices-in-native-mobile-ads-implementation-for-content-apps.html
301;https://www.google.com/admob/success.html
404;https://www.google.com/intl/es_es/admob/businesskit/growth/
302;https://www.google.com/intl/zh-CN_cn/admob/analyze.html
302;https://www.google.com/admob/businesskit/thinking-big/
301;https://www.google.com/admob/landing/sign-up-003.html
200;https://www.google.com/admob/announcements.html
301;https://www.google.com/admob/resources/
200;https://www.google.com/intl/zh-CN_cn/admob/announcements.html
404;https://www.google.com/intl/es_es/admob/businesskit/introduction/
200;https://www.google.com/admob/google6a4fcb2609131635.html
301;https://www.google.com/admob/landing/sign-up-003a.html
302;https://www.google.com/admob/resources/admob-mediation-stack-best-practices.html
302;https://www.google.com/intl/zh-CN_cn/admob/app-insights.html
404;https://www.google.com/intl/es_es/admob/businesskit/takeaways/
301;https://www.google.com/admob/landing/sign-up-003b.html
200;https://www.google.com/admob/resources/advanced-techniques-to-optimize-in-app-revenue-through-admob.html
200;https://www.google.com/admob/resources/help-improve-app-engagement-with-rewarded-video-ads.html
404;https://www.google.com/intl/zh-CN_cn/admob/businesskit/from-an-idea-to-an-app/
404;https://www.google.com/intl/es_es/admob/businesskit/thinking-big/
301;https://www.google.com/admob/monetize.html
200;https://www.google.com/admob/resources/analyze-your-app-ads-performance-with-app-analytics.html
301;https://www.google.com/admob/resources/how-much-revenue-can-you-earn-from-admob.html
301;https://www.google.com/admob/platform.html
301;https://www.google.com/admob/resources/app-marketing-strategies-to-grow-and-monetize-your-app.html
301;https://www.google.com/admob/resources/how-to-earn-money-with-in-app-advertising.html
302;https://www.google.com/admob/resources/how-to-monetize-your-mobile-apps-with-ads.html
301;https://www.google.com/admob/resources/what-is-admob.html
404;https://www.google.com/intl/zh_TW/admob/analyze.html
200;https://www.google.com/intl/zh_TW/admob/announcements.html
200;https://www.google.com/intl/zh_TW/admob/app-insights.html
302;https://www.google.com/intl/zh-CN_cn/admob/success.html
302;https://www.google.com/intl/de_de/admob/resources.html
404;https://www.google.com/intl/pt_BR/admob/businesskit/from-an-idea-to-an-app/
302;https://www.google.com/intl/zh-CN_cn/admob/app-insights.html
302;https://www.google.com/intl/ar_ae/admob/
302;https://www.google.com/intl/de_de/admob/success.html
302;https://www.google.com/intl/de_de/admob/
404;https://www.google.com/intl/pt_BR/admob/businesskit/growth/
404;https://www.google.com/intl/zh-CN_cn/admob/businesskit/from-an-idea-to-an-app/
302;https://www.google.com/intl/ar_ae/admob/analyze.html
302;https://www.google.com/intl/es_es/admob/
404;https://www.google.com/intl/pt_BR/admob/businesskit/introduction/
404;https://www.google.com/intl/zh-CN_cn/admob/businesskit/growth/
200;https://www.google.com/intl/ar_ae/admob/announcements.html
302;https://www.google.com/intl/de_de/admob/analyze.html
302;https://www.google.com/intl/es_es/admob/analyze.html
404;https://www.google.com/intl/pt_BR/admob/businesskit/takeaways/
404;https://www.google.com/intl/zh-CN_cn/admob/businesskit/introduction/
302;https://www.google.com/intl/ar_ae/admob/app-insights.html
200;https://www.google.com/intl/de_de/admob/announcements.html
200;https://www.google.com/intl/es_es/admob/announcements.html
404;https://www.google.com/intl/zh-CN_cn/admob/businesskit/takeaways/
404;https://www.google.com/intl/pt_BR/admob/businesskit/thinking-big/
302;https://www.google.com/intl/de_de/admob/app-insights.html
302;https://www.google.com/intl/ar_ae/admob/monetize.html
404;https://www.google.com/intl/zh-CN_cn/admob/businesskit/thinking-big/
302;https://www.google.com/intl/es_es/admob/app-insights.html
404;https://www.google.com/intl/pt_BR/admob/monetize.html
302;https://www.google.com/intl/ar_ae/admob/platform.html
404;https://www.google.com/intl/de_de/admob/businesskit/from-an-idea-to-an-app/
404;https://www.google.com/intl/es_es/admob/businesskit/from-an-idea-to-an-app/
404;https://www.google.com/intl/zh-CN_cn/admob/landing/sign-up-001.html
302;https://www.google.com/intl/ar_ae/admob/promote.html
404;https://www.google.com/intl/pt_BR/admob/platform.html
404;https://www.google.com/intl/de_de/admob/businesskit/growth/
302;https://www.google.com/intl/ar_ae/admob/resources.html
404;https://www.google.com/intl/pt_BR/admob/promote.html
404;https://www.google.com/intl/es_es/admob/businesskit/growth/
404;https://www.google.com/intl/zh-CN_cn/admob/landing/sign-up-002.html
404;https://www.google.com/intl/de_de/admob/businesskit/introduction/
302;https://www.google.com/intl/ar_ae/admob/success.html
200;https://www.google.com/intl/pt_BR/admob/resources.html
404;https://www.google.com/intl/es_es/admob/businesskit/introduction/
404;https://www.google.com/intl/zh-CN_cn/admob/landing/sign-up-003.html
404;https://www.google.com/intl/de_de/admob/businesskit/takeaways/
404;https://www.google.com/intl/pt_BR/admob/
200;https://www.google.com/intl/pt_BR/admob/success.html
404;https://www.google.com/intl/es_es/admob/businesskit/takeaways/
302;https://www.google.com/intl/zh-CN_cn/admob/monetize.html
404;https://www.google.com/intl/de_de/admob/businesskit/thinking-big/
404;https://www.google.com/intl/pt_BR/admob/analyze.html
404;https://www.google.com/intl/es_es/admob/businesskit/thinking-big/
302;https://www.google.com/intl/de_de/admob/monetize.html
302;https://www.google.com/intl/zh-CN_cn/admob/
302;https://www.google.com/intl/zh-CN_cn/admob/platform.html
200;https://www.google.com/intl/pt_BR/admob/announcements.html
302;https://www.google.com/intl/zh-CN_cn/admob/promote.html
302;https://www.google.com/intl/es_es/admob/monetize.html
302;https://www.google.com/intl/zh-CN_cn/admob/analyze.html
302;https://www.google.com/intl/de_de/admob/platform.html
200;https://www.google.com/intl/pt_BR/admob/app-insights.html
302;https://www.google.com/intl/zh-CN_cn/admob/resources.html
200;https://www.google.com/intl/zh-CN_cn/admob/announcements.html
302;https://www.google.com/intl/de_de/admob/promote.html
302;https://www.google.com/intl/es_es/admob/platform.html
302;https://www.google.com/intl/id_id/admob/promote.html
302;https://www.google.com/intl/fr_fr/admob/platform.html
302;https://www.google.com/intl/es_es/admob/promote.html
302;https://www.google.com/intl/ja_jp/admob/landing/sign-up-001.html
302;https://www.google.com/intl/it_it/admob/platform.html
302;https://www.google.com/intl/fr_fr/admob/promote.html
302;https://www.google.com/intl/es_es/admob/resources.html
302;https://www.google.com/intl/ja_jp/admob/landing/sign-up-002.html
302;https://www.google.com/intl/it_it/admob/promote.html
302;https://www.google.com/intl/fr_fr/admob/resources.html
302;https://www.google.com/intl/es_es/admob/success.html
302;https://www.google.com/intl/ja_jp/admob/landing/sign-up-003.html
302;https://www.google.com/intl/id_id/admob/resources.html
302;https://www.google.com/intl/it_it/admob/resources.html
302;https://www.google.com/intl/fr_fr/admob/success.html
302;https://www.google.com/intl/fr_fr/admob/
302;https://www.google.com/intl/ja_jp/admob/monetize.html
302;https://www.google.com/intl/id_id/admob/success.html
302;https://www.google.com/intl/it_it/admob/success.html
302;https://www.google.com/intl/id_id/admob/
302;https://www.google.com/intl/fr_fr/admob/analyze.html
302;https://www.google.com/intl/ja_jp/admob/platform.html
302;https://www.google.com/intl/it_it/admob/
302;https://www.google.com/intl/ja_jp/admob/
302;https://www.google.com/intl/id_id/admob/analyze.html
200;https://www.google.com/intl/fr_fr/admob/announcements.html
302;https://www.google.com/intl/it_it/admob/analyze.html
302;https://www.google.com/intl/ja_jp/admob/analyze.html
200;https://www.google.com/intl/id_id/admob/announcements.html
302;https://www.google.com/intl/fr_fr/admob/app-insights.html
200;https://www.google.com/intl/it_it/admob/announcements.html
200;https://www.google.com/intl/ja_jp/admob/announcements.html
302;https://www.google.com/intl/id_id/admob/app-insights.html
404;https://www.google.com/intl/fr_fr/admob/businesskit/from-an-idea-to-an-app/
302;https://www.google.com/intl/ja_jp/admob/promote.html
302;https://www.google.com/intl/it_it/admob/app-insights.html
302;https://www.google.com/intl/ja_jp/admob/app-insights.html
302;https://www.google.com/intl/id_id/admob/landing/sign-up-001.html
404;https://www.google.com/intl/fr_fr/admob/businesskit/growth/
302;https://www.google.com/intl/ja_jp/admob/resources.html
404;https://www.google.com/intl/it_it/admob/businesskit/from-an-idea-to-an-app/
404;https://www.google.com/intl/ja_jp/admob/businesskit/from-an-idea-to-an-app/
404;https://www.google.com/intl/it_it/admob/businesskit/from-an-idea-to-an-app/
302;https://www.google.com/intl/ja_jp/admob/resources.html
404;https://www.google.com/intl/ja_jp/admob/businesskit/from-an-idea-to-an-app/
302;https://www.google.com/intl/id_id/admob/landing/sign-up-001.html
404;https://www.google.com/intl/fr_fr/admob/businesskit/growth/
404;https://www.google.com/intl/pt_BR/admob/businesskit/from-an-idea-to-an-app/
302;https://www.google.com/intl/zh-CN_cn/admob/app-insights.html
302;https://www.google.com/intl/ar_ae/admob/
302;https://www.google.com/intl/zh-CN_cn/admob/success.html
302;https://www.google.com/intl/de_de/admob/resources.html
404;https://www.google.com/intl/pt_BR/admob/businesskit/growth/
404;https://www.google.com/intl/zh-CN_cn/admob/businesskit/from-an-idea-to-an-app/
302;https://www.google.com/intl/de_de/admob/
302;https://www.google.com/intl/de_de/admob/success.html
404;https://www.google.com/intl/zh-CN_cn/admob/businesskit/growth/
404;https://www.google.com/intl/pt_BR/admob/businesskit/introduction/
302;https://www.google.com/intl/es_es/admob/
302;https://www.google.com/intl/de_de/admob/analyze.html
302;https://www.google.com/intl/ar_ae/admob/analyze.html
404;https://www.google.com/intl/zh-CN_cn/admob/businesskit/introduction/
404;https://www.google.com/intl/pt_BR/admob/businesskit/takeaways/
200;https://www.google.com/intl/de_de/admob/announcements.html
302;https://www.google.com/intl/es_es/admob/analyze.html
404;https://www.google.com/intl/zh-CN_cn/admob/businesskit/takeaways/
200;https://www.google.com/intl/ar_ae/admob/announcements.html
302;https://www.google.com/intl/de_de/admob/app-insights.html
404;https://www.google.com/intl/pt_BR/admob/businesskit/thinking-big/
200;https://www.google.com/intl/es_es/admob/announcements.html
404;https://www.google.com/intl/pt_BR/admob/businesskit/thinking-big/
200;https://www.google.com/intl/ar_ae/admob/announcements.html
302;https://www.google.com/intl/de_de/admob/app-insights.html
404;https://www.google.com/intl/zh-CN_cn/admob/businesskit/takeaways/
302;https://www.google.com/intl/zh-CN_cn/admob/success.html
404;https://www.google.com/intl/pt_BR/admob/businesskit/from-an-idea-to-an-app/
302;https://www.google.com/intl/ar_ae/admob/
302;https://www.google.com/intl/de_de/admob/resources.html
302;https://www.google.com/intl/zh-CN_cn/admob/app-insights.html
302;https://www.google.com/intl/de_de/admob/
404;https://www.google.com/intl/pt_BR/admob/businesskit/growth/
302;https://www.google.com/intl/de_de/admob/success.html
302;https://www.google.com/intl/ar_ae/admob/analyze.html
404;https://www.google.com/intl/zh-CN_cn/admob/businesskit/from-an-idea-to-an-app/
302;https://www.google.com/intl/de_de/admob/analyze.html
404;https://www.google.com/intl/pt_BR/admob/businesskit/introduction/
200;https://www.google.com/intl/ar_ae/admob/announcements.html
302;https://www.google.com/intl/es_es/admob/
404;https://www.google.com/intl/zh-CN_cn/admob/businesskit/growth/
200;https://www.google.com/intl/de_de/admob/announcements.html
404;https://www.google.com/intl/pt_BR/admob/businesskit/takeaways/
302;https://www.google.com/intl/ar_ae/admob/app-insights.html
302;https://www.google.com/intl/es_es/admob/analyze.html
302;https://www.google.com/intl/de_de/admob/app-insights.html
404;https://www.google.com/intl/pt_BR/admob/businesskit/thinking-big/
302;https://www.google.com/intl/ar_ae/admob/monetize.html
200;https://www.google.com/intl/es_es/admob/announcements.html
404;https://www.google.com/intl/de_de/admob/businesskit/from-an-idea-to-an-app/
404;https://www.google.com/intl/pt_BR/admob/monetize.html
302;https://www.google.com/intl/ar_ae/admob/platform.html
302;https://www.google.com/intl/es_es/admob/app-insights.html
404;https://www.google.com/intl/de_de/admob/businesskit/growth/
404;https://www.google.com/intl/pt_BR/admob/platform.html
302;https://www.google.com/intl/ar_ae/admob/promote.html
404;https://www.google.com/intl/es_es/admob/businesskit/from-an-idea-to-an-app/
404;https://www.google.com/intl/de_de/admob/businesskit/introduction/
404;https://www.google.com/intl/pt_BR/admob/promote.html
302;https://www.google.com/intl/ar_ae/admob/resources.html
404;https://www.google.com/intl/es_es/admob/businesskit/growth/
404;https://www.google.com/intl/de_de/admob/businesskit/takeaways/
200;https://www.google.com/intl/pt_BR/admob/resources.html
302;https://www.google.com/intl/ar_ae/admob/success.html
404;https://www.google.com/intl/es_es/admob/businesskit/introduction/
404;https://www.google.com/intl/de_de/admob/businesskit/thinking-big/
200;https://www.google.com/intl/pt_BR/admob/success.html
404;https://www.google.com/intl/pt_BR/admob/
302;https://www.google.com/intl/de_de/admob/monetize.html
404;https://www.google.com/intl/es_es/admob/businesskit/takeaways/
404;https://www.google.com/intl/pt_BR/admob/analyze.html
302;https://www.google.com/intl/zh-CN_cn/admob/
302;https://www.google.com/intl/de_de/admob/platform.html
404;https://www.google.com/intl/es_es/admob/businesskit/thinking-big/
200;https://www.google.com/intl/pt_BR/admob/announcements.html
302;https://www.google.com/intl/de_de/admob/promote.html
302;https://www.google.com/intl/zh-CN_cn/admob/analyze.html
302;https://www.google.com/intl/es_es/admob/monetize.html
200;https://www.google.com/intl/pt_BR/admob/app-insights.html
302;https://www.google.com/intl/es_es/admob/promote.html
200;https://www.google.com/intl/zh-CN_cn/admob/announcements.html
302;https://www.google.com/intl/es_es/admob/platform.html
302;https://www.google.com/intl/fr_fr/admob/platform.html
302;https://www.google.com/intl/es_es/admob/resources.html
302;https://www.google.com/intl/id_id/admob/promote.html
302;https://www.google.com/intl/it_it/admob/platform.html
302;https://www.google.com/intl/id_id/admob/resources.html
302;https://www.google.com/intl/fr_fr/admob/promote.html
302;https://www.google.com/intl/es_es/admob/success.html
302;https://www.google.com/intl/it_it/admob/promote.html
302;https://www.google.com/intl/id_id/admob/success.html
302;https://www.google.com/intl/fr_fr/admob/
302;https://www.google.com/intl/it_it/admob/resources.html
302;https://www.google.com/intl/fr_fr/admob/resources.html
302;https://www.google.com/intl/fr_fr/admob/analyze.html
302;https://www.google.com/intl/it_it/admob/
302;https://www.google.com/intl/it_it/admob/success.html
302;https://www.google.com/intl/fr_fr/admob/success.html
302;https://www.google.com/intl/it_it/admob/
302;https://www.google.com/intl/fr_fr/admob/success.html
302;https://www.google.com/intl/it_it/admob/success.html
302;https://www.google.com/intl/ar_ae/admob/
404;https://www.google.com/intl/pt_BR/admob/businesskit/from-an-idea-to-an-app/
302;https://www.google.com/intl/zh-CN_cn/admob/success.html
302;https://www.google.com/intl/zh-CN_cn/admob/app-insights.html
302;https://www.google.com/intl/de_de/admob/resources.html
404;https://www.google.com/intl/pt_BR/admob/businesskit/growth/
302;https://www.google.com/intl/de_de/admob/
302;https://www.google.com/intl/ar_ae/admob/analyze.html
404;https://www.google.com/intl/zh-CN_cn/admob/businesskit/from-an-idea-to-an-app/
302;https://www.google.com/intl/de_de/admob/success.html
404;https://www.google.com/intl/pt_BR/admob/businesskit/introduction/
404;https://www.google.com/intl/zh-CN_cn/admob/businesskit/growth/
302;https://www.google.com/intl/de_de/admob/analyze.html
302;https://www.google.com/intl/es_es/admob/
200;https://www.google.com/intl/ar_ae/admob/announcements.html
404;https://www.google.com/intl/pt_BR/admob/businesskit/takeaways/
404;https://www.google.com/intl/zh-CN_cn/admob/businesskit/introduction/
302;https://www.google.com/intl/es_es/admob/analyze.html
200;https://www.google.com/intl/de_de/admob/announcements.html
302;https://www.google.com/intl/ar_ae/admob/app-insights.html
404;https://www.google.com/intl/pt_BR/admob/businesskit/thinking-big/
404;https://www.google.com/intl/zh-CN_cn/admob/businesskit/takeaways/
200;https://www.google.com/intl/es_es/admob/announcements.html
302;https://www.google.com/intl/de_de/admob/app-insights.html
302;https://www.google.com/intl/ar_ae/admob/monetize.html
404;https://www.google.com/intl/pt_BR/admob/monetize.html
404;https://www.google.com/intl/zh-CN_cn/admob/businesskit/thinking-big/
302;https://www.google.com/intl/es_es/admob/app-insights.html
404;https://www.google.com/intl/de_de/admob/businesskit/from-an-idea-to-an-app/
404;https://www.google.com/intl/de_de/admob/businesskit/from-an-idea-to-an-app/
302;https://www.google.com/intl/ar_ae/admob/monetize.html
404;https://www.google.com/intl/pt_BR/admob/monetize.html
302;https://www.google.com/intl/zh-CN_cn/admob/success.html
302;https://www.google.com/intl/de_de/admob/resources.html
302;https://www.google.com/intl/ar_ae/admob/
404;https://www.google.com/intl/pt_BR/admob/businesskit/from-an-idea-to-an-app/
302;https://www.google.com/intl/zh-CN_cn/admob/app-insights.html
302;https://www.google.com/intl/de_de/admob/success.html
404;https://www.google.com/intl/pt_BR/admob/businesskit/growth/
302;https://www.google.com/intl/de_de/admob/
302;https://www.google.com/intl/ar_ae/admob/analyze.html
404;https://www.google.com/intl/zh-CN_cn/admob/businesskit/from-an-idea-to-an-app/
302;https://www.google.com/intl/es_es/admob/
404;https://www.google.com/intl/pt_BR/admob/businesskit/introduction/
200;https://www.google.com/intl/ar_ae/admob/announcements.html
302;https://www.google.com/intl/de_de/admob/analyze.html
404;https://www.google.com/intl/zh-CN_cn/admob/businesskit/growth/
404;https://www.google.com/intl/pt_BR/admob/businesskit/takeaways/
302;https://www.google.com/intl/es_es/admob/analyze.html
200;https://www.google.com/intl/de_de/admob/announcements.html
302;https://www.google.com/intl/ar_ae/admob/app-insights.html
404;https://www.google.com/intl/zh-CN_cn/admob/businesskit/introduction/
404;https://www.google.com/intl/pt_BR/admob/businesskit/thinking-big/
200;https://www.google.com/intl/es_es/admob/announcements.html
302;https://www.google.com/intl/de_de/admob/app-insights.html
302;https://www.google.com/intl/ar_ae/admob/monetize.html
404;https://www.google.com/intl/zh-CN_cn/admob/businesskit/takeaways/
404;https://www.google.com/intl/pt_BR/admob/monetize.html
302;https://www.google.com/intl/es_es/admob/app-insights.html
404;https://www.google.com/intl/de_de/admob/businesskit/from-an-idea-to-an-app/
302;https://www.google.com/intl/ar_ae/admob/platform.html
404;https://www.google.com/intl/pt_BR/admob/platform.html
404;https://www.google.com/intl/es_es/admob/businesskit/from-an-idea-to-an-app/
404;https://www.google.com/intl/de_de/admob/businesskit/growth/
302;https://www.google.com/intl/ar_ae/admob/promote.html
404;https://www.google.com/intl/pt_BR/admob/promote.html
404;https://www.google.com/intl/es_es/admob/businesskit/growth/
404;https://www.google.com/intl/zh-CN_cn/admob/businesskit/thinking-big/
404;https://www.google.com/intl/de_de/admob/businesskit/introduction/
302;https://www.google.com/intl/ar_ae/admob/resources.html
200;https://www.google.com/intl/pt_BR/admob/resources.html
404;https://www.google.com/intl/de_de/admob/businesskit/takeaways/
404;https://www.google.com/intl/es_es/admob/businesskit/introduction/
404;https://www.google.com/intl/zh-CN_cn/admob/landing/sign-up-001.html
302;https://www.google.com/intl/ar_ae/admob/success.html
200;https://www.google.com/intl/pt_BR/admob/success.html
404;https://www.google.com/intl/es_es/admob/businesskit/takeaways/
404;https://www.google.com/intl/de_de/admob/businesskit/thinking-big/
404;https://www.google.com/intl/zh-CN_cn/admob/landing/sign-up-002.html
404;https://www.google.com/intl/pt_BR/admob/
302;https://www.google.com/intl/zh-CN_cn/admob/
404;https://www.google.com/intl/es_es/admob/businesskit/thinking-big/
404;https://www.google.com/intl/pt_BR/admob/analyze.html
404;https://www.google.com/intl/zh-CN_cn/admob/landing/sign-up-003.html
302;https://www.google.com/intl/de_de/admob/monetize.html
302;https://www.google.com/intl/zh-CN_cn/admob/analyze.html
302;https://www.google.com/intl/es_es/admob/monetize.html
200;https://www.google.com/intl/pt_BR/admob/announcements.html
302;https://www.google.com/intl/zh-CN_cn/admob/monetize.html
302;https://www.google.com/intl/de_de/admob/platform.html
200;https://www.google.com/intl/zh-CN_cn/admob/announcements.html
302;https://www.google.com/intl/es_es/admob/platform.html
302;https://www.google.com/intl/de_de/admob/promote.html
200;https://www.google.com/intl/pt_BR/admob/app-insights.html
302;https://www.google.com/intl/zh-CN_cn/admob/platform.html
302;https://www.google.com/intl/es_es/admob/promote.html
302;https://www.google.com/intl/fr_fr/admob/platform.html
302;https://www.google.com/intl/id_id/admob/promote.html
302;https://www.google.com/intl/it_it/admob/platform.html
302;https://www.google.com/intl/zh-CN_cn/admob/promote.html
302;https://www.google.com/intl/es_es/admob/resources.html
302;https://www.google.com/intl/fr_fr/admob/promote.html
302;https://www.google.com/intl/id_id/admob/resources.html
302;https://www.google.com/intl/it_it/admob/promote.html
302;https://www.google.com/intl/zh-CN_cn/admob/resources.html
302;https://www.google.com/intl/es_es/admob/success.html
302;https://www.google.com/intl/fr_fr/admob/resources.html
302;https://www.google.com/intl/it_it/admob/resources.html
302;https://www.google.com/intl/id_id/admob/success.html
302;https://www.google.com/intl/ja_jp/admob/landing/sign-up-001.html
302;https://www.google.com/intl/fr_fr/admob/
302;https://www.google.com/intl/it_it/admob/success.html
302;https://www.google.com/intl/fr_fr/admob/success.html
302;https://www.google.com/intl/it_it/admob/
302;https://www.google.com/intl/fr_fr/admob/analyze.html
302;https://www.google.com/intl/ja_jp/admob/landing/sign-up-002.html
302;https://www.google.com/intl/id_id/admob/
302;https://www.google.com/intl/ja_jp/admob/
302;https://www.google.com/intl/it_it/admob/analyze.html
200;https://www.google.com/intl/fr_fr/admob/announcements.html
302;https://www.google.com/intl/ja_jp/admob/landing/sign-up-003.html
302;https://www.google.com/intl/id_id/admob/analyze.html
302;https://www.google.com/intl/ja_jp/admob/analyze.html
200;https://www.google.com/intl/it_it/admob/announcements.html
302;https://www.google.com/intl/fr_fr/admob/app-insights.html
302;https://www.google.com/intl/ja_jp/admob/monetize.html
200;https://www.google.com/intl/id_id/admob/announcements.html
302;https://www.google.com/intl/it_it/admob/app-insights.html
200;https://www.google.com/intl/ja_jp/admob/announcements.html
302;https://www.google.com/intl/ja_jp/admob/platform.html
404;https://www.google.com/intl/fr_fr/admob/businesskit/from-an-idea-to-an-app/
302;https://www.google.com/intl/id_id/admob/app-insights.html
404;https://www.google.com/intl/it_it/admob/businesskit/from-an-idea-to-an-app/
302;https://www.google.com/intl/ja_jp/admob/app-insights.html
404;https://www.google.com/intl/fr_fr/admob/businesskit/growth/
302;https://www.google.com/intl/ja_jp/admob/promote.html
302;https://www.google.com/intl/id_id/admob/landing/sign-up-001.html
404;https://www.google.com/intl/it_it/admob/businesskit/growth/
404;https://www.google.com/intl/fr_fr/admob/businesskit/introduction/
302;https://www.google.com/intl/ja_jp/admob/resources.html
404;https://www.google.com/intl/ja_jp/admob/businesskit/from-an-idea-to-an-app/
302;https://www.google.com/intl/id_id/admob/landing/sign-up-002.html
404;https://www.google.com/intl/it_it/admob/businesskit/introduction/
404;https://www.google.com/intl/fr_fr/admob/businesskit/takeaways/
302;https://www.google.com/intl/ja_jp/admob/success.html
404;https://www.google.com/intl/ja_jp/admob/businesskit/growth/
302;https://www.google.com/intl/id_id/admob/landing/sign-up-003.html
404;https://www.google.com/intl/it_it/admob/businesskit/takeaways/
404;https://www.google.com/intl/fr_fr/admob/businesskit/thinking-big/
404;https://www.google.com/intl/ja_jp/admob/businesskit/introduction/
302;https://www.google.com/intl/ko_kr/admob/
302;https://www.google.com/intl/id_id/admob/monetize.html
404;https://www.google.com/intl/it_it/admob/businesskit/thinking-big/
404;https://www.google.com/intl/ja_jp/admob/businesskit/takeaways/
302;https://www.google.com/intl/fr_fr/admob/monetize.html
302;https://www.google.com/intl/ko_kr/admob/analyze.html
302;https://www.google.com/intl/it_it/admob/monetize.html
404;https://www.google.com/intl/ja_jp/admob/businesskit/thinking-big/
404;https://www.google.com/intl/ko_kr/admob/businesskit/growth/
200;https://www.google.com/intl/ko_kr/admob/announcements.html
302;https://www.google.com/intl/pl_pl/admob/monetize.html
404;https://www.google.com/intl/ru/admob/success.html
302;https://www.google.com/intl/id_id/admob/platform.html
404;https://www.google.com/intl/ko_kr/admob/businesskit/introduction/
302;https://www.google.com/intl/ko_kr/admob/app-insights.html
302;https://www.google.com/intl/pl_pl/admob/platform.html
404;https://www.google.com/intl/ko_kr/admob/businesskit/takeaways/
302;https://www.google.com/intl/th_th/admob/
302;https://www.google.com/intl/tr_tr/admob/
404;https://www.google.com/intl/ko_kr/admob/businesskit/from-an-idea-to-an-app/
302;https://www.google.com/intl/pl_pl/admob/promote.html
404;https://www.google.com/intl/ko_kr/admob/businesskit/thinking-big/
302;https://www.google.com/intl/tr_tr/admob/analyze.html
302;https://www.google.com/intl/th_th/admob/analyze.html
404;https://www.google.com/intl/zh_TW/admob/businesskit/from-an-idea-to-an-app/
302;https://www.google.com/intl/pl_pl/admob/resources.html
302;https://www.google.com/intl/ko_kr/admob/monetize.html
200;https://www.google.com/intl/tr_tr/admob/announcements.html
200;https://www.google.com/intl/th_th/admob/announcements.html
404;https://www.google.com/intl/zh_TW/admob/businesskit/growth/
302;https://www.google.com/intl/pl_pl/admob/success.html
302;https://www.google.com/intl/ko_kr/admob/platform.html
302;https://www.google.com/intl/tr_tr/admob/app-insights.html
404;https://www.google.com/intl/zh_TW/admob/businesskit/introduction/
302;https://www.google.com/intl/th_th/admob/app-insights.html
404;https://www.google.com/intl/ru/admob/
302;https://www.google.com/intl/ko_kr/admob/promote.html
302;https://www.google.com/intl/tr_tr/admob/monetize.html
404;https://www.google.com/intl/zh_TW/admob/businesskit/takeaways/
302;https://www.google.com/intl/th_th/admob/landing/sign-up-001.html
404;https://www.google.com/intl/ru/admob/analyze.html
302;https://www.google.com/intl/ko_kr/admob/resources.html
302;https://www.google.com/intl/tr_tr/admob/platform.html
404;https://www.google.com/intl/zh_TW/admob/businesskit/thinking-big/
302;https://www.google.com/intl/th_th/admob/landing/sign-up-002.html
200;https://www.google.com/intl/ru/admob/announcements.html
302;https://www.google.com/intl/ko_kr/admob/success.html
302;https://www.google.com/intl/tr_tr/admob/promote.html
302;https://www.google.com/intl/th_th/admob/landing/sign-up-003.html
404;https://www.google.com/intl/zh_TW/admob/landing/sign-up-001.html
200;https://www.google.com/intl/ru/admob/app-insights.html
302;https://www.google.com/intl/pl_pl/admob/
404;https://www.google.com/intl/zh_TW/admob/landing/sign-up-002.html
302;https://www.google.com/intl/tr_tr/admob/resources.html
302;https://www.google.com/intl/th_th/admob/monetize.html
404;https://www.google.com/intl/ru/admob/monetize.html
404;https://www.google.com/intl/zh_TW/admob/landing/sign-up-003.html
302;https://www.google.com/intl/pl_pl/admob/analyze.html
302;https://www.google.com/intl/tr_tr/admob/success.html
302;https://www.google.com/intl/th_th/admob/platform.html
404;https://www.google.com/intl/ru/admob/platform.html
404;https://www.google.com/intl/zh_TW/admob/monetize.html
200;https://www.google.com/intl/pl_pl/admob/announcements.html
302;https://www.google.com/intl/th_th/admob/promote.html
404;https://www.google.com/intl/ru/admob/promote.html
404;https://www.google.com/intl/zh_TW/admob/
404;https://www.google.com/intl/zh_TW/admob/platform.html
302;https://www.google.com/intl/pl_pl/admob/app-insights.html
302;https://www.google.com/intl/th_th/admob/resources.html
200;https://www.google.com/intl/ru/admob/resources.html
404;https://www.google.com/intl/zh_TW/admob/promote.html
302;https://www.google.com/intl/th_th/admob/success.html
302;https://www.google.com/intl/en_uk/admob/
302;https://www.google.com/intl/en_uk/admob/success.html
200;https://www.google.com/intl/zh_TW/admob/resources.html
301;https://www.google.com/admob/
302;https://www.google.com/intl/en_uk/admob/analyze.html
404;https://www.google.com/intl/zh_TW/admob/analyze.html
302;https://www.google.com/intl/vi_vn/admob/
200;https://www.google.com/intl/en_uk/admob/announcements.html
301;https://www.google.com/admob/analyze.html
200;https://www.google.com/intl/zh_TW/admob/success.html
200;https://www.google.com/intl/zh_TW/admob/announcements.html
302;https://www.google.com/intl/vi_vn/admob/analyze.html
302;https://www.google.com/intl/en_uk/admob/app-insights.html
200;https://www.google.com/admob/announcements.html
301;https://www.google.com/admob/landing/sign-up-003a.html
200;https://www.google.com/intl/zh_TW/admob/app-insights.html
200;https://www.google.com/intl/vi_vn/admob/announcements.html
404;https://www.google.com/intl/en_uk/admob/businesskit/from-an-idea-to-an-app/
302;https://www.google.com/admob/app-insights.html
301;https://www.google.com/admob/landing/sign-up-003b.html
200;https://www.google.com/admob/resources/help-improve-app-engagement-with-rewarded-video-ads.html
302;https://www.google.com/intl/vi_vn/admob/app-insights.html
404;https://www.google.com/intl/en_uk/admob/businesskit/growth/
301;https://www.google.com/admob/resources/how-much-revenue-can-you-earn-from-admob.html
302;https://www.google.com/admob/businesskit/from-an-idea-to-an-app/
301;https://www.google.com/admob/monetize.html
302;https://www.google.com/intl/vi_vn/admob/landing/sign-up-001.html
404;https://www.google.com/intl/en_uk/admob/businesskit/introduction/
302;https://www.google.com/admob/businesskit/growth/
301;https://www.google.com/admob/platform.html
301;https://www.google.com/admob/resources/how-to-earn-money-with-in-app-advertising.html
302;https://www.google.com/intl/vi_vn/admob/landing/sign-up-002.html
404;https://www.google.com/intl/en_uk/admob/businesskit/takeaways/
301;https://www.google.com/admob/promote.html
302;https://www.google.com/admob/resources/how-to-monetize-your-mobile-apps-with-ads.html
302;https://www.google.com/admob/businesskit/introduction/
302;https://www.google.com/intl/vi_vn/admob/landing/sign-up-003.html
404;https://www.google.com/intl/en_uk/admob/businesskit/thinking-big/
200;https://www.google.com/admob/resources.html
301;https://www.google.com/admob/resources/what-is-admob.html
302;https://www.google.com/intl/vi_vn/admob/monetize.html
302;https://www.google.com/admob/businesskit/takeaways/
302;https://www.google.com/intl/en_uk/admob/monetize.html
302;https://www.google.com/intl/vi_vn/admob/platform.html
301;https://www.google.com/admob/success.html
301;https://www.google.com/admob/resources/
302;https://www.google.com/admob/businesskit/thinking-big/
302;https://www.google.com/intl/en_uk/admob/platform.html
302;https://www.google.com/intl/vi_vn/admob/promote.html
302;https://www.google.com/admob/resources/admob-mediation-stack-best-practices.html
200;https://www.google.com/admob/google6a4fcb2609131635.html
302;https://www.google.com/intl/en_uk/admob/promote.html
301;https://www.google.com/admob/landing/sign-up-001.html
302;https://www.google.com/intl/vi_vn/admob/resources.html
200;https://www.google.com/admob/resources/advanced-techniques-to-optimize-in-app-revenue-through-admob.html
302;https://www.google.com/intl/en_uk/admob/resources.html
301;https://www.google.com/admob/landing/sign-up-002.html
200;https://www.google.com/admob/resources/analyze-your-app-ads-performance-with-app-analytics.html
302;https://www.google.com/intl/vi_vn/admob/success.html
301;https://www.google.com/admob/resources/app-marketing-strategies-to-grow-and-monetize-your-app.html
301;https://www.google.com/admob/landing/sign-up-003.html
302;https://www.google.com/admob/resources/best-practices-for-in-app-rewarded-video-ads.html
200;https://www.google.com/admob/resources/best-practices-in-native-mobile-ads-implementation-for-content-apps.html
404;https://www.google.com/intl/pt_BR/admob/businesskit/from-an-idea-to-an-app/
302;https://www.google.com/intl/zh-CN_cn/admob/success.html
302;https://www.google.com/intl/de_de/admob/resources.html
302;https://www.google.com/intl/ar_ae/admob/
302;https://www.google.com/intl/zh-CN_cn/admob/app-insights.html
302;https://www.google.com/intl/de_de/admob/success.html
404;https://www.google.com/intl/pt_BR/admob/businesskit/growth/
302;https://www.google.com/intl/ar_ae/admob/analyze.html
404;https://www.google.com/intl/zh-CN_cn/admob/businesskit/from-an-idea-to-an-app/
302;https://www.google.com/intl/de_de/admob/
302;https://www.google.com/intl/es_es/admob/
404;https://www.google.com/intl/zh-CN_cn/admob/businesskit/growth/
404;https://www.google.com/intl/pt_BR/admob/businesskit/introduction/
200;https://www.google.com/intl/ar_ae/admob/announcements.html
302;https://www.google.com/intl/de_de/admob/analyze.html
404;https://www.google.com/intl/pt_BR/admob/businesskit/takeaways/
404;https://www.google.com/intl/zh-CN_cn/admob/businesskit/introduction/
302;https://www.google.com/intl/ar_ae/admob/app-insights.html
302;https://www.google.com/intl/es_es/admob/analyze.html
200;https://www.google.com/intl/de_de/admob/announcements.html
404;https://www.google.com/intl/pt_BR/admob/businesskit/thinking-big/
404;https://www.google.com/intl/zh-CN_cn/admob/businesskit/takeaways/
302;https://www.google.com/intl/de_de/admob/app-insights.html
200;https://www.google.com/intl/es_es/admob/announcements.html
302;https://www.google.com/intl/ar_ae/admob/monetize.html
404;https://www.google.com/intl/pt_BR/admob/businesskit/thinking-big/
302;https://www.google.com/intl/de_de/admob/app-insights.html
200;https://www.google.com/intl/es_es/admob/announcements.html
404;https://www.google.com/intl/zh-CN_cn/admob/businesskit/takeaways/
302;https://www.google.com/intl/de_de/admob/resources.html
404;https://www.google.com/intl/pt_BR/admob/businesskit/from-an-idea-to-an-app/
302;https://www.google.com/intl/zh-CN_cn/admob/app-insights.html
302;https://www.google.com/intl/zh-CN_cn/admob/success.html
302;https://www.google.com/intl/ar_ae/admob/
404;https://www.google.com/intl/zh-CN_cn/admob/businesskit/from-an-idea-to-an-app/
302;https://www.google.com/intl/de_de/admob/
302;https://www.google.com/intl/ar_ae/admob/analyze.html
302;https://www.google.com/intl/de_de/admob/success.html
302;https://www.google.com/intl/es_es/admob/
404;https://www.google.com/intl/zh-CN_cn/admob/businesskit/growth/
200;https://www.google.com/intl/ar_ae/admob/announcements.html
302;https://www.google.com/intl/de_de/admob/analyze.html
302;https://www.google.com/intl/es_es/admob/analyze.html
404;https://www.google.com/intl/zh-CN_cn/admob/businesskit/introduction/
302;https://www.google.com/intl/ar_ae/admob/app-insights.html
200;https://www.google.com/intl/de_de/admob/announcements.html
404;https://www.google.com/intl/pt_BR/admob/businesskit/growth/
200;https://www.google.com/intl/es_es/admob/announcements.html
302;https://www.google.com/intl/de_de/admob/app-insights.html
302;https://www.google.com/intl/ar_ae/admob/monetize.html
404;https://www.google.com/intl/zh-CN_cn/admob/businesskit/takeaways/
404;https://www.google.com/intl/pt_BR/admob/businesskit/introduction/
302;https://www.google.com/intl/es_es/admob/app-insights.html
404;https://www.google.com/intl/de_de/admob/businesskit/from-an-idea-to-an-app/
302;https://www.google.com/intl/ar_ae/admob/platform.html
404;https://www.google.com/intl/de_de/admob/businesskit/growth/
404;https://www.google.com/intl/es_es/admob/businesskit/from-an-idea-to-an-app/
302;https://www.google.com/intl/ar_ae/admob/promote.html
404;https://www.google.com/intl/de_de/admob/businesskit/introduction/
302;https://www.google.com/intl/ar_ae/admob/resources.html
404;https://www.google.com/intl/es_es/admob/businesskit/growth/
404;https://www.google.com/intl/de_de/admob/businesskit/takeaways/
404;https://www.google.com/intl/es_es/admob/businesskit/introduction/
302;https://www.google.com/intl/ar_ae/admob/success.html
404;https://www.google.com/intl/es_es/admob/businesskit/takeaways/
404;https://www.google.com/intl/pt_BR/admob/
404;https://www.google.com/intl/de_de/admob/businesskit/thinking-big/
404;https://www.google.com/intl/es_es/admob/businesskit/thinking-big/
404;https://www.google.com/intl/pt_BR/admob/analyze.html
302;https://www.google.com/intl/de_de/admob/monetize.html
404;https://www.google.com/intl/zh-CN_cn/admob/businesskit/thinking-big/
302;https://www.google.com/intl/es_es/admob/monetize.html
200;https://www.google.com/intl/pt_BR/admob/announcements.html
302;https://www.google.com/intl/de_de/admob/platform.html
404;https://www.google.com/intl/zh-CN_cn/admob/landing/sign-up-001.html
302;https://www.google.com/intl/es_es/admob/platform.html
200;https://www.google.com/intl/pt_BR/admob/app-insights.html
302;https://www.google.com/intl/de_de/admob/promote.html
404;https://www.google.com/intl/zh-CN_cn/admob/landing/sign-up-002.html
302;https://www.google.com/intl/es_es/admob/promote.html
302;https://www.google.com/intl/fr_fr/admob/platform.html
302;https://www.google.com/intl/id_id/admob/promote.html
404;https://www.google.com/intl/zh-CN_cn/admob/landing/sign-up-003.html
302;https://www.google.com/intl/fr_fr/admob/promote.html
302;https://www.google.com/intl/id_id/admob/resources.html
302;https://www.google.com/intl/es_es/admob/resources.html
302;https://www.google.com/intl/zh-CN_cn/admob/monetize.html
302;https://www.google.com/intl/fr_fr/admob/resources.html
302;https://www.google.com/intl/id_id/admob/success.html
302;https://www.google.com/intl/es_es/admob/success.html
302;https://www.google.com/intl/zh-CN_cn/admob/platform.html
302;https://www.google.com/intl/it_it/admob/
302;https://www.google.com/intl/fr_fr/admob/
302;https://www.google.com/intl/zh-CN_cn/admob/promote.html
302;https://www.google.com/intl/fr_fr/admob/success.html
302;https://www.google.com/intl/fr_fr/admob/analyze.html
302;https://www.google.com/intl/it_it/admob/analyze.html
302;https://www.google.com/intl/zh-CN_cn/admob/resources.html
302;https://www.google.com/intl/id_id/admob/
200;https://www.google.com/intl/fr_fr/admob/announcements.html
200;https://www.google.com/intl/it_it/admob/announcements.html
302;https://www.google.com/intl/it_it/admob/platform.html
302;https://www.google.com/intl/id_id/admob/analyze.html
302;https://www.google.com/intl/it_it/admob/app-insights.html
302;https://www.google.com/intl/fr_fr/admob/app-insights.html
302;https://www.google.com/intl/it_it/admob/promote.html
200;https://www.google.com/intl/id_id/admob/announcements.html
404;https://www.google.com/intl/fr_fr/admob/businesskit/from-an-idea-to-an-app/
404;https://www.google.com/intl/it_it/admob/businesskit/from-an-idea-to-an-app/
302;https://www.google.com/intl/id_id/admob/app-insights.html
302;https://www.google.com/intl/it_it/admob/resources.html
404;https://www.google.com/intl/fr_fr/admob/businesskit/growth/
302;https://www.google.com/intl/it_it/admob/success.html
404;https://www.google.com/intl/it_it/admob/businesskit/growth/
302;https://www.google.com/intl/id_id/admob/landing/sign-up-001.html
302;https://www.google.com/intl/ja_jp/admob/
404;https://www.google.com/intl/fr_fr/admob/businesskit/introduction/
404;https://www.google.com/intl/it_it/admob/businesskit/introduction/
302;https://www.google.com/intl/id_id/admob/landing/sign-up-002.html
404;https://www.google.com/intl/fr_fr/admob/businesskit/takeaways/
302;https://www.google.com/intl/ja_jp/admob/analyze.html
404;https://www.google.com/intl/it_it/admob/businesskit/takeaways/
302;https://www.google.com/intl/id_id/admob/landing/sign-up-003.html
404;https://www.google.com/intl/fr_fr/admob/businesskit/thinking-big/
200;https://www.google.com/intl/ja_jp/admob/announcements.html
404;https://www.google.com/intl/it_it/admob/businesskit/thinking-big/
302;https://www.google.com/intl/id_id/admob/monetize.html
302;https://www.google.com/intl/fr_fr/admob/monetize.html
302;https://www.google.com/intl/ja_jp/admob/app-insights.html
302;https://www.google.com/intl/it_it/admob/monetize.html
302;https://www.google.com/intl/id_id/admob/platform.html
302;https://www.google.com/intl/ja_jp/admob/landing/sign-up-001.html
404;https://www.google.com/intl/ko_kr/admob/businesskit/growth/
302;https://www.google.com/intl/pl_pl/admob/monetize.html
302;https://www.google.com/intl/ja_jp/admob/landing/sign-up-002.html
404;https://www.google.com/intl/ko_kr/admob/businesskit/introduction/
302;https://www.google.com/intl/pl_pl/admob/platform.html
302;https://www.google.com/intl/ja_jp/admob/landing/sign-up-003.html
404;https://www.google.com/intl/ko_kr/admob/businesskit/takeaways/
404;https://www.google.com/intl/ja_jp/admob/businesskit/from-an-idea-to-an-app/
404;https://www.google.com/intl/ko_kr/admob/businesskit/thinking-big/
302;https://www.google.com/intl/ja_jp/admob/monetize.html
302;https://www.google.com/intl/pl_pl/admob/promote.html
404;https://www.google.com/intl/ja_jp/admob/businesskit/growth/
404;https://www.google.com/intl/pt_BR/admob/businesskit/takeaways/
